subID,itemID,trialID,blockID,acc,baseline,"pre(0 = no pre, -1=pre wrong, 1=pre right)"
1,1,1,1,0,0,0
1,2,2,1,0,0,-1
1,3,3,1,0,0.058823529,-1
1,4,4,1,0,0.117647059,-1
1,5,5,1,0,0.294117647,-1
1,9,1,2,0,0.058823529,0
1,10,2,2,0,0,-1
1,11,3,2,0,0.058823529,-1
1,12,4,2,1,0,-1
1,13,5,2,1,0,1
1,17,1,3,0,0,0
1,18,2,3,0,0.058823529,-1
1,19,3,3,0,0.058823529,-1
1,20,4,3,0,0.294117647,-1
1,21,5,3,0,0,-1
1,25,1,4,1,0.117647059,0
1,26,2,4,1,0.117647059,1
1,27,3,4,1,0.058823529,1
1,28,4,4,1,0.235294118,1
1,29,5,4,1,0,1
1,33,1,5,1,0.352941176,0
1,34,2,5,0,0,1
1,35,3,5,0,0.117647059,-1
1,36,4,5,1,0,-1
1,37,5,5,1,0.176470588,1
1,41,1,6,0,0.294117647,0
1,42,2,6,1,0.058823529,-1
1,43,3,6,1,0.235294118,1
1,44,4,6,1,0.411764706,1
1,45,5,6,1,0.235294118,1
1,49,1,7,1,0.294117647,0
1,50,2,7,0,0,1
1,51,3,7,1,0.117647059,-1
1,52,4,7,1,0.588235294,1
1,53,5,7,1,0.176470588,1
1,57,1,8,1,0.117647059,0
1,58,2,8,1,0.058823529,1
1,59,3,8,1,0,1
1,60,4,8,1,0.117647059,1
1,61,5,8,1,0.411764706,1
1,65,1,9,0,0,0
1,66,2,9,1,0.529411765,-1
1,67,3,9,1,0.176470588,1
1,68,4,9,0,0,1
1,69,5,9,1,0.058823529,-1
1,73,1,10,0,0,0
1,74,2,10,0,0.176470588,-1
1,75,3,10,0,0,-1
1,76,4,10,0,0,-1
1,77,5,10,0,0.176470588,-1
1,81,1,11,0,0,0
1,82,2,11,0,0.352941176,-1
1,83,3,11,1,0,-1
1,84,4,11,1,0.588235294,1
1,85,5,11,1,0.411764706,1
1,89,1,12,0,0.117647059,0
1,90,2,12,0,0,-1
1,91,3,12,0,0.294117647,-1
1,92,4,12,0,0.058823529,-1
1,93,5,12,0,0,-1
2,1,1,1,0,0,0
2,2,2,1,0,0,-1
2,3,3,1,0,0.058823529,-1
2,4,4,1,0,0.117647059,-1
2,5,5,1,0,0.294117647,-1
2,9,1,2,0,0.058823529,0
2,10,2,2,1,0,-1
2,11,3,2,1,0.058823529,1
2,12,4,2,1,0,1
2,13,5,2,1,0,1
2,17,1,3,0,0,0
2,18,2,3,0,0.058823529,-1
2,19,3,3,0,0.058823529,-1
2,20,4,3,0,0.294117647,-1
2,21,5,3,0,0,-1
2,25,1,4,1,0.117647059,0
2,26,2,4,1,0.117647059,1
2,27,3,4,1,0.058823529,1
2,28,4,4,1,0.235294118,1
2,29,5,4,1,0,1
2,33,1,5,1,0.352941176,0
2,34,2,5,1,0,1
2,35,3,5,1,0.117647059,1
2,36,4,5,1,0,1
2,37,5,5,1,0.176470588,1
2,41,1,6,1,0.294117647,0
2,42,2,6,1,0.058823529,1
2,43,3,6,1,0.235294118,1
2,44,4,6,1,0.411764706,1
2,45,5,6,1,0.235294118,1
2,49,1,7,1,0.294117647,0
2,50,2,7,1,0,1
2,51,3,7,1,0.117647059,1
2,52,4,7,1,0.588235294,1
2,53,5,7,1,0.176470588,1
2,57,1,8,1,0.117647059,0
2,58,2,8,1,0.058823529,1
2,59,3,8,1,0,1
2,60,4,8,1,0.117647059,1
2,61,5,8,1,0.411764706,1
2,65,1,9,0,0,0
2,66,2,9,0,0.529411765,-1
2,67,3,9,0,0.176470588,-1
2,68,4,9,0,0,-1
2,69,5,9,1,0.058823529,-1
2,73,1,10,0,0,0
2,74,2,10,0,0.176470588,-1
2,75,3,10,0,0,-1
2,76,4,10,0,0,-1
2,77,5,10,0,0.176470588,-1
2,81,1,11,1,0,0
2,82,2,11,1,0.352941176,1
2,83,3,11,1,0,1
2,84,4,11,1,0.588235294,1
2,85,5,11,1,0.411764706,1
2,89,1,12,0,0.117647059,0
2,90,2,12,0,0,-1
2,91,3,12,0,0.294117647,-1
2,92,4,12,0,0.058823529,-1
2,93,5,12,0,0,-1
3,1,1,1,0,0,0
3,2,2,1,0,0,-1
3,3,3,1,0,0.058823529,-1
3,4,4,1,0,0.117647059,-1
3,5,5,1,0,0.294117647,-1
3,9,1,2,1,0.058823529,0
3,10,2,2,1,0,1
3,11,3,2,1,0.058823529,1
3,12,4,2,1,0,1
3,13,5,2,1,0,1
3,17,1,3,0,0,0
3,18,2,3,0,0.058823529,-1
3,19,3,3,0,0.058823529,-1
3,20,4,3,0,0.294117647,-1
3,21,5,3,0,0,-1
3,25,1,4,0,0.117647059,0
3,26,2,4,1,0.117647059,-1
3,27,3,4,1,0.058823529,1
3,28,4,4,1,0.235294118,1
3,29,5,4,1,0,1
3,33,1,5,1,0.352941176,0
3,34,2,5,1,0,1
3,35,3,5,1,0.117647059,1
3,36,4,5,1,0,1
3,37,5,5,1,0.176470588,1
3,41,1,6,0,0.294117647,0
3,42,2,6,1,0.058823529,-1
3,43,3,6,1,0.235294118,1
3,44,4,6,1,0.411764706,1
3,45,5,6,1,0.235294118,1
3,49,1,7,0,0.294117647,0
3,50,2,7,0,0,-1
3,51,3,7,0,0.117647059,-1
3,52,4,7,1,0.588235294,-1
3,53,5,7,0,0.176470588,1
3,57,1,8,1,0.117647059,0
3,58,2,8,1,0.058823529,1
3,59,3,8,1,0,1
3,60,4,8,1,0.117647059,1
3,61,5,8,1,0.411764706,1
3,65,1,9,0,0,0
3,66,2,9,1,0.529411765,-1
3,67,3,9,0,0.176470588,1
3,68,4,9,1,0,-1
3,69,5,9,1,0.058823529,1
3,73,1,10,0,0,0
3,74,2,10,0,0.176470588,-1
3,75,3,10,0,0,-1
3,76,4,10,0,0,-1
3,77,5,10,0,0.176470588,-1
3,81,1,11,0,0,0
3,82,2,11,0,0.352941176,-1
3,83,3,11,0,0,-1
3,84,4,11,0,0.588235294,-1
3,85,5,11,0,0.411764706,-1
3,89,1,12,0,0.117647059,0
3,90,2,12,1,0,-1
3,91,3,12,0,0.294117647,1
3,92,4,12,0,0.058823529,-1
3,93,5,12,0,0,-1
4,1,1,1,0,0,0
4,2,2,1,0,0,-1
4,3,3,1,0,0.058823529,-1
4,4,4,1,0,0.117647059,-1
4,5,5,1,0,0.294117647,-1
4,9,1,2,1,0.058823529,0
4,10,2,2,1,0,1
4,11,3,2,1,0.058823529,1
4,12,4,2,1,0,1
4,13,5,2,1,0,1
4,17,1,3,0,0,0
4,18,2,3,0,0.058823529,-1
4,19,3,3,0,0.058823529,-1
4,20,4,3,0,0.294117647,-1
4,21,5,3,0,0,-1
4,25,1,4,0,0.117647059,0
4,26,2,4,0,0.117647059,-1
4,27,3,4,0,0.058823529,-1
4,28,4,4,0,0.235294118,-1
4,29,5,4,0,0,-1
4,33,1,5,0,0.352941176,0
4,34,2,5,0,0,-1
4,35,3,5,0,0.117647059,-1
4,36,4,5,0,0,-1
4,37,5,5,0,0.176470588,-1
4,41,1,6,0,0.294117647,0
4,42,2,6,0,0.058823529,-1
4,43,3,6,0,0.235294118,-1
4,44,4,6,1,0.411764706,-1
4,45,5,6,0,0.235294118,1
4,49,1,7,0,0.294117647,0
4,50,2,7,0,0,-1
4,51,3,7,0,0.117647059,-1
4,52,4,7,0,0.588235294,-1
4,53,5,7,0,0.176470588,-1
4,57,1,8,0,0.117647059,0
4,58,2,8,0,0.058823529,-1
4,59,3,8,0,0,-1
4,60,4,8,0,0.117647059,-1
4,61,5,8,0,0.411764706,-1
4,65,1,9,0,0,0
4,66,2,9,0,0.529411765,-1
4,67,3,9,0,0.176470588,-1
4,68,4,9,0,0,-1
4,69,5,9,0,0.058823529,-1
4,73,1,10,0,0,0
4,74,2,10,0,0.176470588,-1
4,75,3,10,0,0,-1
4,76,4,10,0,0,-1
4,77,5,10,0,0.176470588,-1
4,81,1,11,0,0,0
4,82,2,11,0,0.352941176,-1
4,83,3,11,0,0,-1
4,84,4,11,1,0.588235294,-1
4,85,5,11,1,0.411764706,1
4,89,1,12,0,0.117647059,0
4,90,2,12,0,0,-1
4,91,3,12,0,0.294117647,-1
4,92,4,12,0,0.058823529,-1
4,93,5,12,0,0,-1
5,1,1,1,0,0,0
5,2,2,1,0,0,-1
5,3,3,1,0,0.058823529,-1
5,4,4,1,0,0.117647059,-1
5,5,5,1,0,0.294117647,-1
5,9,1,2,0,0.058823529,0
5,10,2,2,0,0,-1
5,11,3,2,1,0.058823529,-1
5,12,4,2,1,0,1
5,13,5,2,1,0,1
5,17,1,3,0,0,0
5,18,2,3,0,0.058823529,-1
5,19,3,3,0,0.058823529,-1
5,20,4,3,0,0.294117647,-1
5,21,5,3,0,0,-1
5,25,1,4,1,0.117647059,0
5,26,2,4,1,0.117647059,1
5,27,3,4,1,0.058823529,1
5,28,4,4,1,0.235294118,1
5,29,5,4,1,0,1
5,33,1,5,0,0.352941176,0
5,34,2,5,0,0,-1
5,35,3,5,1,0.117647059,-1
5,36,4,5,1,0,1
5,37,5,5,1,0.176470588,1
5,41,1,6,1,0.294117647,0
5,42,2,6,1,0.058823529,1
5,43,3,6,1,0.235294118,1
5,44,4,6,1,0.411764706,1
5,45,5,6,1,0.235294118,1
5,49,1,7,1,0.294117647,0
5,50,2,7,1,0,1
5,51,3,7,1,0.117647059,1
5,52,4,7,1,0.588235294,1
5,53,5,7,1,0.176470588,1
5,57,1,8,1,0.117647059,0
5,58,2,8,1,0.058823529,1
5,59,3,8,1,0,1
5,60,4,8,1,0.117647059,1
5,61,5,8,1,0.411764706,1
5,65,1,9,0,0,0
5,66,2,9,0,0.529411765,-1
5,67,3,9,1,0.176470588,-1
5,68,4,9,0,0,1
5,69,5,9,1,0.058823529,-1
5,73,1,10,0,0,0
5,74,2,10,0,0.176470588,-1
5,75,3,10,0,0,-1
5,76,4,10,0,0,-1
5,77,5,10,0,0.176470588,-1
5,81,1,11,0,0,0
5,82,2,11,0,0.352941176,-1
5,83,3,11,0,0,-1
5,84,4,11,0,0.588235294,-1
5,85,5,11,0,0.411764706,-1
5,89,1,12,0,0.117647059,0
5,90,2,12,0,0,-1
5,91,3,12,0,0.294117647,-1
5,92,4,12,0,0.058823529,-1
5,93,5,12,0,0,-1
6,1,1,1,0,0,0
6,2,2,1,0,0,-1
6,3,3,1,0,0.058823529,-1
6,4,4,1,0,0.117647059,-1
6,5,5,1,0,0.294117647,-1
6,9,1,2,0,0.058823529,0
6,10,2,2,0,0,-1
6,11,3,2,0,0.058823529,-1
6,12,4,2,0,0,-1
6,13,5,2,0,0,-1
6,17,1,3,0,0,0
6,18,2,3,0,0.058823529,-1
6,19,3,3,0,0.058823529,-1
6,20,4,3,0,0.294117647,-1
6,21,5,3,0,0,-1
6,25,1,4,0,0.117647059,0
6,26,2,4,0,0.117647059,-1
6,27,3,4,0,0.058823529,-1
6,28,4,4,1,0.235294118,-1
6,29,5,4,1,0,1
6,33,1,5,0,0.352941176,0
6,34,2,5,0,0,-1
6,35,3,5,0,0.117647059,-1
6,36,4,5,0,0,-1
6,37,5,5,0,0.176470588,-1
6,41,1,6,0,0.294117647,0
6,42,2,6,0,0.058823529,-1
6,43,3,6,1,0.235294118,-1
6,44,4,6,1,0.411764706,1
6,45,5,6,1,0.235294118,1
6,49,1,7,1,0.294117647,0
6,50,2,7,0,0,1
6,51,3,7,0,0.117647059,-1
6,52,4,7,1,0.588235294,-1
6,53,5,7,1,0.176470588,1
6,57,1,8,0,0.117647059,0
6,58,2,8,1,0.058823529,-1
6,59,3,8,1,0,1
6,60,4,8,1,0.117647059,1
6,61,5,8,1,0.411764706,1
6,65,1,9,0,0,0
6,66,2,9,1,0.529411765,-1
6,67,3,9,1,0.176470588,1
6,68,4,9,0,0,1
6,69,5,9,1,0.058823529,-1
6,73,1,10,0,0,0
6,74,2,10,0,0.176470588,-1
6,75,3,10,0,0,-1
6,76,4,10,0,0,-1
6,77,5,10,1,0.176470588,-1
6,81,1,11,0,0,0
6,82,2,11,0,0.352941176,-1
6,83,3,11,0,0,-1
6,84,4,11,0,0.588235294,-1
6,85,5,11,0,0.411764706,-1
6,89,1,12,0,0.117647059,0
6,90,2,12,0,0,-1
6,91,3,12,0,0.294117647,-1
6,92,4,12,0,0.058823529,-1
6,93,5,12,0,0,-1
7,1,1,1,0,0,0
7,2,2,1,0,0,-1
7,3,3,1,0,0.058823529,-1
7,4,4,1,0,0.117647059,-1
7,5,5,1,0,0.294117647,-1
7,9,1,2,0,0.058823529,0
7,10,2,2,0,0,-1
7,11,3,2,0,0.058823529,-1
7,12,4,2,0,0,-1
7,13,5,2,1,0,-1
7,17,1,3,0,0,0
7,18,2,3,0,0.058823529,-1
7,19,3,3,0,0.058823529,-1
7,20,4,3,0,0.294117647,-1
7,21,5,3,0,0,-1
7,25,1,4,1,0.117647059,0
7,26,2,4,0,0.117647059,1
7,27,3,4,0,0.058823529,-1
7,28,4,4,0,0.235294118,-1
7,29,5,4,0,0,-1
7,33,1,5,0,0.352941176,0
7,34,2,5,0,0,-1
7,35,3,5,1,0.117647059,-1
7,36,4,5,0,0,1
7,37,5,5,0,0.176470588,-1
7,41,1,6,1,0.294117647,0
7,42,2,6,0,0.058823529,1
7,43,3,6,0,0.235294118,-1
7,44,4,6,1,0.411764706,-1
7,45,5,6,1,0.235294118,1
7,49,1,7,0,0.294117647,0
7,50,2,7,0,0,-1
7,51,3,7,0,0.117647059,-1
7,52,4,7,0,0.588235294,-1
7,53,5,7,0,0.176470588,-1
7,57,1,8,1,0.117647059,0
7,58,2,8,1,0.058823529,1
7,59,3,8,1,0,1
7,60,4,8,1,0.117647059,1
7,61,5,8,1,0.411764706,1
7,65,1,9,0,0,0
7,66,2,9,0,0.529411765,-1
7,67,3,9,0,0.176470588,-1
7,68,4,9,0,0,-1
7,69,5,9,0,0.058823529,-1
7,73,1,10,0,0,0
7,74,2,10,0,0.176470588,-1
7,75,3,10,0,0,-1
7,76,4,10,0,0,-1
7,77,5,10,0,0.176470588,-1
7,81,1,11,0,0,0
7,82,2,11,0,0.352941176,-1
7,83,3,11,0,0,-1
7,84,4,11,0,0.588235294,-1
7,85,5,11,0,0.411764706,-1
7,89,1,12,0,0.117647059,0
7,90,2,12,0,0,-1
7,91,3,12,0,0.294117647,-1
7,92,4,12,0,0.058823529,-1
7,93,5,12,0,0,-1
8,1,1,1,0,0,0
8,2,2,1,0,0,-1
8,3,3,1,0,0.058823529,-1
8,4,4,1,0,0.117647059,-1
8,5,5,1,1,0.294117647,-1
8,9,1,2,1,0.058823529,0
8,10,2,2,1,0,1
8,11,3,2,1,0.058823529,1
8,12,4,2,0,0,1
8,13,5,2,1,0,-1
8,17,1,3,0,0,0
8,18,2,3,0,0.058823529,-1
8,19,3,3,0,0.058823529,-1
8,20,4,3,0,0.294117647,-1
8,21,5,3,0,0,-1
8,25,1,4,1,0.117647059,0
8,26,2,4,1,0.117647059,1
8,27,3,4,1,0.058823529,1
8,28,4,4,1,0.235294118,1
8,29,5,4,1,0,1
8,33,1,5,1,0.352941176,0
8,34,2,5,1,0,1
8,35,3,5,1,0.117647059,1
8,36,4,5,1,0,1
8,37,5,5,1,0.176470588,1
8,41,1,6,1,0.294117647,0
8,42,2,6,1,0.058823529,1
8,43,3,6,1,0.235294118,1
8,44,4,6,1,0.411764706,1
8,45,5,6,1,0.235294118,1
8,49,1,7,0,0.294117647,0
8,50,2,7,0,0,-1
8,51,3,7,0,0.117647059,-1
8,52,4,7,0,0.588235294,-1
8,53,5,7,0,0.176470588,-1
8,57,1,8,1,0.117647059,0
8,58,2,8,1,0.058823529,1
8,59,3,8,1,0,1
8,60,4,8,1,0.117647059,1
8,61,5,8,1,0.411764706,1
8,65,1,9,0,0,0
8,66,2,9,0,0.529411765,-1
8,67,3,9,0,0.176470588,-1
8,68,4,9,0,0,-1
8,69,5,9,1,0.058823529,-1
8,73,1,10,0,0,0
8,74,2,10,0,0.176470588,-1
8,75,3,10,0,0,-1
8,76,4,10,0,0,-1
8,77,5,10,0,0.176470588,-1
8,81,1,11,0,0,0
8,82,2,11,0,0.352941176,-1
8,83,3,11,1,0,-1
8,84,4,11,1,0.588235294,1
8,85,5,11,1,0.411764706,1
8,89,1,12,0,0.117647059,0
8,90,2,12,0,0,-1
8,91,3,12,0,0.294117647,-1
8,92,4,12,0,0.058823529,-1
8,93,5,12,0,0,-1
9,1,1,1,0,0,0
9,2,2,1,0,0,-1
9,3,3,1,0,0.058823529,-1
9,4,4,1,0,0.117647059,-1
9,5,5,1,0,0.294117647,-1
9,9,1,2,0,0.058823529,0
9,10,2,2,0,0,-1
9,11,3,2,0,0.058823529,-1
9,12,4,2,0,0,-1
9,13,5,2,0,0,-1
9,17,1,3,0,0,0
9,18,2,3,0,0.058823529,-1
9,19,3,3,0,0.058823529,-1
9,20,4,3,0,0.294117647,-1
9,21,5,3,0,0,-1
9,25,1,4,0,0.117647059,0
9,26,2,4,1,0.117647059,-1
9,27,3,4,1,0.058823529,1
9,28,4,4,1,0.235294118,1
9,29,5,4,1,0,1
9,33,1,5,0,0.352941176,0
9,34,2,5,0,0,-1
9,35,3,5,0,0.117647059,-1
9,36,4,5,0,0,-1
9,37,5,5,1,0.176470588,-1
9,41,1,6,0,0.294117647,0
9,42,2,6,1,0.058823529,-1
9,43,3,6,1,0.235294118,1
9,44,4,6,1,0.411764706,1
9,45,5,6,1,0.235294118,1
9,49,1,7,1,0.294117647,0
9,50,2,7,0,0,1
9,51,3,7,0,0.117647059,-1
9,52,4,7,1,0.588235294,-1
9,53,5,7,1,0.176470588,1
9,57,1,8,1,0.117647059,0
9,58,2,8,1,0.058823529,1
9,59,3,8,1,0,1
9,60,4,8,1,0.117647059,1
9,61,5,8,1,0.411764706,1
9,65,1,9,0,0,0
9,66,2,9,0,0.529411765,-1
9,67,3,9,1,0.176470588,-1
9,68,4,9,1,0,1
9,69,5,9,1,0.058823529,1
9,73,1,10,0,0,0
9,74,2,10,0,0.176470588,-1
9,75,3,10,0,0,-1
9,76,4,10,0,0,-1
9,77,5,10,0,0.176470588,-1
9,81,1,11,0,0,0
9,82,2,11,0,0.352941176,-1
9,83,3,11,0,0,-1
9,84,4,11,0,0.588235294,-1
9,85,5,11,1,0.411764706,-1
9,89,1,12,0,0.117647059,0
9,90,2,12,0,0,-1
9,91,3,12,0,0.294117647,-1
9,92,4,12,0,0.058823529,-1
9,93,5,12,0,0,-1
10,1,1,1,0,0,0
10,2,2,1,0,0,-1
10,3,3,1,0,0.058823529,-1
10,4,4,1,0,0.117647059,-1
10,5,5,1,1,0.294117647,-1
10,9,1,2,0,0.058823529,0
10,10,2,2,0,0,-1
10,11,3,2,1,0.058823529,-1
10,12,4,2,0,0,1
10,13,5,2,0,0,-1
10,17,1,3,0,0,0
10,18,2,3,1,0.058823529,-1
10,19,3,3,0,0.058823529,1
10,20,4,3,0,0.294117647,-1
10,21,5,3,0,0,-1
10,25,1,4,0,0.117647059,0
10,26,2,4,0,0.117647059,-1
10,27,3,4,0,0.058823529,-1
10,28,4,4,0,0.235294118,-1
10,29,5,4,0,0,-1
10,33,1,5,1,0.352941176,0
10,34,2,5,0,0,1
10,35,3,5,0,0.117647059,-1
10,36,4,5,0,0,-1
10,37,5,5,0,0.176470588,-1
10,41,1,6,0,0.294117647,0
10,42,2,6,0,0.058823529,-1
10,43,3,6,1,0.235294118,-1
10,44,4,6,0,0.411764706,1
10,45,5,6,0,0.235294118,-1
10,49,1,7,0,0.294117647,0
10,50,2,7,0,0,-1
10,51,3,7,0,0.117647059,-1
10,52,4,7,1,0.588235294,-1
10,53,5,7,1,0.176470588,1
10,57,1,8,0,0.117647059,0
10,58,2,8,0,0.058823529,-1
10,59,3,8,0,0,-1
10,60,4,8,0,0.117647059,-1
10,61,5,8,1,0.411764706,-1
10,65,1,9,0,0,0
10,66,2,9,0,0.529411765,-1
10,67,3,9,0,0.176470588,-1
10,68,4,9,0,0,-1
10,69,5,9,0,0.058823529,-1
10,73,1,10,0,0,0
10,74,2,10,0,0.176470588,-1
10,75,3,10,0,0,-1
10,76,4,10,0,0,-1
10,77,5,10,0,0.176470588,-1
10,81,1,11,0,0,0
10,82,2,11,0,0.352941176,-1
10,83,3,11,1,0,-1
10,84,4,11,1,0.588235294,1
10,85,5,11,1,0.411764706,1
10,89,1,12,1,0.117647059,0
10,90,2,12,0,0,1
10,91,3,12,1,0.294117647,-1
10,92,4,12,0,0.058823529,1
10,93,5,12,0,0,-1
11,1,1,1,0,0,0
11,2,2,1,0,0,-1
11,3,3,1,0,0.058823529,-1
11,4,4,1,1,0.117647059,-1
11,5,5,1,1,0.294117647,1
11,9,1,2,0,0.058823529,0
11,10,2,2,1,0,-1
11,11,3,2,1,0.058823529,1
11,12,4,2,1,0,1
11,13,5,2,1,0,1
11,17,1,3,0,0,0
11,18,2,3,0,0.058823529,-1
11,19,3,3,0,0.058823529,-1
11,20,4,3,1,0.294117647,-1
11,21,5,3,1,0,1
11,25,1,4,1,0.117647059,0
11,26,2,4,1,0.117647059,1
11,27,3,4,1,0.058823529,1
11,28,4,4,1,0.235294118,1
11,29,5,4,1,0,1
11,33,1,5,1,0.352941176,0
11,34,2,5,1,0,1
11,35,3,5,1,0.117647059,1
11,36,4,5,1,0,1
11,37,5,5,1,0.176470588,1
11,41,1,6,1,0.294117647,0
11,42,2,6,1,0.058823529,1
11,43,3,6,1,0.235294118,1
11,44,4,6,1,0.411764706,1
11,45,5,6,1,0.235294118,1
11,49,1,7,1,0.294117647,0
11,50,2,7,1,0,1
11,51,3,7,1,0.117647059,1
11,52,4,7,1,0.588235294,1
11,53,5,7,1,0.176470588,1
11,57,1,8,1,0.117647059,0
11,58,2,8,1,0.058823529,1
11,59,3,8,1,0,1
11,60,4,8,0,0.117647059,1
11,61,5,8,1,0.411764706,-1
11,65,1,9,0,0,0
11,66,2,9,1,0.529411765,-1
11,67,3,9,0,0.176470588,1
11,68,4,9,0,0,-1
11,69,5,9,1,0.058823529,-1
11,73,1,10,0,0,0
11,74,2,10,0,0.176470588,-1
11,75,3,10,0,0,-1
11,76,4,10,0,0,-1
11,77,5,10,0,0.176470588,-1
11,81,1,11,0,0,0
11,82,2,11,0,0.352941176,-1
11,83,3,11,1,0,-1
11,84,4,11,1,0.588235294,1
11,85,5,11,1,0.411764706,1
11,89,1,12,0,0.117647059,0
11,90,2,12,0,0,-1
11,91,3,12,0,0.294117647,-1
11,92,4,12,0,0.058823529,-1
11,93,5,12,0,0,-1
12,1,1,1,0,0,0
12,2,2,1,0,0,-1
12,3,3,1,1,0.058823529,-1
12,4,4,1,0,0.117647059,1
12,5,5,1,0,0.294117647,-1
12,9,1,2,0,0.058823529,0
12,10,2,2,0,0,-1
12,11,3,2,1,0.058823529,-1
12,12,4,2,1,0,1
12,13,5,2,1,0,1
12,17,1,3,0,0,0
12,18,2,3,0,0.058823529,-1
12,19,3,3,0,0.058823529,-1
12,20,4,3,0,0.294117647,-1
12,21,5,3,0,0,-1
12,25,1,4,1,0.117647059,0
12,26,2,4,0,0.117647059,1
12,27,3,4,1,0.058823529,-1
12,28,4,4,1,0.235294118,1
12,29,5,4,1,0,1
12,33,1,5,0,0.352941176,0
12,34,2,5,0,0,-1
12,35,3,5,0,0.117647059,-1
12,36,4,5,0,0,-1
12,37,5,5,0,0.176470588,-1
12,41,1,6,0,0.294117647,0
12,42,2,6,1,0.058823529,-1
12,43,3,6,1,0.235294118,1
12,44,4,6,1,0.411764706,1
12,45,5,6,1,0.235294118,1
12,49,1,7,1,0.294117647,0
12,50,2,7,1,0,1
12,51,3,7,1,0.117647059,1
12,52,4,7,1,0.588235294,1
12,53,5,7,1,0.176470588,1
12,57,1,8,1,0.117647059,0
12,58,2,8,1,0.058823529,1
12,59,3,8,1,0,1
12,60,4,8,1,0.117647059,1
12,61,5,8,1,0.411764706,1
12,65,1,9,0,0,0
12,66,2,9,0,0.529411765,-1
12,67,3,9,0,0.176470588,-1
12,68,4,9,0,0,-1
12,69,5,9,0,0.058823529,-1
12,73,1,10,0,0,0
12,74,2,10,0,0.176470588,-1
12,75,3,10,0,0,-1
12,76,4,10,0,0,-1
12,77,5,10,0,0.176470588,-1
12,81,1,11,0,0,0
12,82,2,11,0,0.352941176,-1
12,83,3,11,0,0,-1
12,84,4,11,0,0.588235294,-1
12,85,5,11,0,0.411764706,-1
12,89,1,12,0,0.117647059,0
12,90,2,12,0,0,-1
12,91,3,12,0,0.294117647,-1
12,92,4,12,0,0.058823529,-1
12,93,5,12,0,0,-1
13,1,1,1,0,0,0
13,2,2,1,0,0,-1
13,3,3,1,0,0.058823529,-1
13,4,4,1,0,0.117647059,-1
13,5,5,1,0,0.294117647,-1
13,9,1,2,0,0.058823529,0
13,10,2,2,1,0,-1
13,11,3,2,1,0.058823529,1
13,12,4,2,1,0,1
13,13,5,2,1,0,1
13,17,1,3,0,0,0
13,18,2,3,0,0.058823529,-1
13,19,3,3,0,0.058823529,-1
13,20,4,3,0,0.294117647,-1
13,21,5,3,1,0,-1
13,25,1,4,1,0.117647059,0
13,26,2,4,1,0.117647059,1
13,27,3,4,1,0.058823529,1
13,28,4,4,1,0.235294118,1
13,29,5,4,1,0,1
13,33,1,5,0,0.352941176,0
13,34,2,5,0,0,-1
13,35,3,5,0,0.117647059,-1
13,36,4,5,1,0,-1
13,37,5,5,1,0.176470588,1
13,41,1,6,0,0.294117647,0
13,42,2,6,0,0.058823529,-1
13,43,3,6,0,0.235294118,-1
13,44,4,6,1,0.411764706,-1
13,45,5,6,1,0.235294118,1
13,49,1,7,1,0.294117647,0
13,50,2,7,1,0,1
13,51,3,7,1,0.117647059,1
13,52,4,7,1,0.588235294,1
13,53,5,7,1,0.176470588,1
13,57,1,8,0,0.117647059,0
13,58,2,8,1,0.058823529,-1
13,59,3,8,1,0,1
13,60,4,8,1,0.117647059,1
13,61,5,8,1,0.411764706,1
13,65,1,9,1,0,0
13,66,2,9,1,0.529411765,1
13,67,3,9,1,0.176470588,1
13,68,4,9,1,0,1
13,69,5,9,1,0.058823529,1
13,73,1,10,0,0,0
13,74,2,10,0,0.176470588,-1
13,75,3,10,0,0,-1
13,76,4,10,0,0,-1
13,77,5,10,0,0.176470588,-1
13,81,1,11,0,0,0
13,82,2,11,1,0.352941176,-1
13,83,3,11,1,0,1
13,84,4,11,1,0.588235294,1
13,85,5,11,1,0.411764706,1
13,89,1,12,0,0.117647059,0
13,90,2,12,0,0,-1
13,91,3,12,1,0.294117647,-1
13,92,4,12,1,0.058823529,1
13,93,5,12,1,0,1
14,1,1,1,0,0,0
14,2,2,1,0,0,-1
14,3,3,1,0,0.058823529,-1
14,4,4,1,0,0.117647059,-1
14,5,5,1,0,0.294117647,-1
14,9,1,2,0,0.058823529,0
14,10,2,2,0,0,-1
14,11,3,2,0,0.058823529,-1
14,12,4,2,0,0,-1
14,13,5,2,0,0,-1
14,17,1,3,0,0,0
14,18,2,3,0,0.058823529,-1
14,19,3,3,0,0.058823529,-1
14,20,4,3,1,0.294117647,-1
14,21,5,3,0,0,1
14,25,1,4,0,0.117647059,0
14,26,2,4,0,0.117647059,-1
14,27,3,4,0,0.058823529,-1
14,28,4,4,0,0.235294118,-1
14,29,5,4,0,0,-1
14,33,1,5,1,0.352941176,0
14,34,2,5,0,0,1
14,35,3,5,0,0.117647059,-1
14,36,4,5,0,0,-1
14,37,5,5,0,0.176470588,-1
14,41,1,6,0,0.294117647,0
14,42,2,6,0,0.058823529,-1
14,43,3,6,0,0.235294118,-1
14,44,4,6,0,0.411764706,-1
14,45,5,6,0,0.235294118,-1
14,49,1,7,0,0.294117647,0
14,50,2,7,0,0,-1
14,51,3,7,0,0.117647059,-1
14,52,4,7,1,0.588235294,-1
14,53,5,7,1,0.176470588,1
14,57,1,8,0,0.117647059,0
14,58,2,8,0,0.058823529,-1
14,59,3,8,0,0,-1
14,60,4,8,0,0.117647059,-1
14,61,5,8,0,0.411764706,-1
14,65,1,9,0,0,0
14,66,2,9,0,0.529411765,-1
14,67,3,9,0,0.176470588,-1
14,68,4,9,0,0,-1
14,69,5,9,0,0.058823529,-1
14,73,1,10,0,0,0
14,74,2,10,0,0.176470588,-1
14,75,3,10,0,0,-1
14,76,4,10,0,0,-1
14,77,5,10,0,0.176470588,-1
14,81,1,11,0,0,0
14,82,2,11,0,0.352941176,-1
14,83,3,11,0,0,-1
14,84,4,11,1,0.588235294,-1
14,85,5,11,0,0.411764706,1
14,89,1,12,0,0.117647059,0
14,90,2,12,0,0,-1
14,91,3,12,0,0.294117647,-1
14,92,4,12,0,0.058823529,-1
14,93,5,12,0,0,-1
15,1,1,1,0,0,0
15,2,2,1,0,0,-1
15,3,3,1,0,0.058823529,-1
15,4,4,1,1,0.117647059,-1
15,5,5,1,1,0.294117647,1
15,9,1,2,0,0.058823529,0
15,10,2,2,0,0,-1
15,11,3,2,0,0.058823529,-1
15,12,4,2,1,0,-1
15,13,5,2,1,0,1
15,17,1,3,0,0,0
15,18,2,3,0,0.058823529,-1
15,19,3,3,0,0.058823529,-1
15,20,4,3,1,0.294117647,-1
15,21,5,3,0,0,1
15,25,1,4,0,0.117647059,0
15,26,2,4,1,0.117647059,-1
15,27,3,4,0,0.058823529,1
15,28,4,4,1,0.235294118,-1
15,29,5,4,0,0,1
15,33,1,5,0,0.352941176,0
15,34,2,5,1,0,-1
15,35,3,5,0,0.117647059,1
15,36,4,5,1,0,-1
15,37,5,5,1,0.176470588,1
15,41,1,6,0,0.294117647,0
15,42,2,6,1,0.058823529,-1
15,43,3,6,1,0.235294118,1
15,44,4,6,1,0.411764706,1
15,45,5,6,1,0.235294118,1
15,49,1,7,0,0.294117647,0
15,50,2,7,0,0,-1
15,51,3,7,0,0.117647059,-1
15,52,4,7,1,0.588235294,-1
15,53,5,7,0,0.176470588,1
15,57,1,8,0,0.117647059,0
15,58,2,8,1,0.058823529,-1
15,59,3,8,1,0,1
15,60,4,8,1,0.117647059,1
15,61,5,8,1,0.411764706,1
15,65,1,9,1,0,0
15,66,2,9,1,0.529411765,1
15,67,3,9,1,0.176470588,1
15,68,4,9,1,0,1
15,69,5,9,1,0.058823529,1
15,73,1,10,0,0,0
15,74,2,10,0,0.176470588,-1
15,75,3,10,0,0,-1
15,76,4,10,0,0,-1
15,77,5,10,0,0.176470588,-1
15,81,1,11,0,0,0
15,82,2,11,0,0.352941176,-1
15,83,3,11,0,0,-1
15,84,4,11,0,0.588235294,-1
15,85,5,11,0,0.411764706,-1
15,89,1,12,0,0.117647059,0
15,90,2,12,0,0,-1
15,91,3,12,0,0.294117647,-1
15,92,4,12,0,0.058823529,-1
15,93,5,12,0,0,-1
16,1,1,1,0,0,0
16,2,2,1,0,0,-1
16,3,3,1,0,0.058823529,-1
16,4,4,1,0,0.117647059,-1
16,5,5,1,0,0.294117647,-1
16,9,1,2,0,0.058823529,0
16,10,2,2,0,0,-1
16,11,3,2,0,0.058823529,-1
16,12,4,2,0,0,-1
16,13,5,2,0,0,-1
16,17,1,3,0,0,0
16,18,2,3,0,0.058823529,-1
16,19,3,3,0,0.058823529,-1
16,20,4,3,0,0.294117647,-1
16,21,5,3,0,0,-1
16,25,1,4,0,0.117647059,0
16,26,2,4,0,0.117647059,-1
16,27,3,4,0,0.058823529,-1
16,28,4,4,0,0.235294118,-1
16,29,5,4,0,0,-1
16,33,1,5,0,0.352941176,0
16,34,2,5,0,0,-1
16,35,3,5,0,0.117647059,-1
16,36,4,5,0,0,-1
16,37,5,5,0,0.176470588,-1
16,41,1,6,0,0.294117647,0
16,42,2,6,0,0.058823529,-1
16,43,3,6,0,0.235294118,-1
16,44,4,6,0,0.411764706,-1
16,45,5,6,0,0.235294118,-1
16,49,1,7,0,0.294117647,0
16,50,2,7,0,0,-1
16,51,3,7,0,0.117647059,-1
16,52,4,7,0,0.588235294,-1
16,53,5,7,0,0.176470588,-1
16,57,1,8,0,0.117647059,0
16,58,2,8,0,0.058823529,-1
16,59,3,8,0,0,-1
16,60,4,8,0,0.117647059,-1
16,61,5,8,0,0.411764706,-1
16,65,1,9,0,0,0
16,66,2,9,1,0.529411765,-1
16,67,3,9,0,0.176470588,1
16,68,4,9,0,0,-1
16,69,5,9,0,0.058823529,-1
16,73,1,10,0,0,0
16,74,2,10,0,0.176470588,-1
16,75,3,10,0,0,-1
16,76,4,10,0,0,-1
16,77,5,10,0,0.176470588,-1
16,81,1,11,0,0,0
16,82,2,11,1,0.352941176,-1
16,83,3,11,0,0,1
16,84,4,11,1,0.588235294,-1
16,85,5,11,0,0.411764706,1
16,89,1,12,0,0.117647059,0
16,90,2,12,0,0,-1
16,91,3,12,0,0.294117647,-1
16,92,4,12,0,0.058823529,-1
16,93,5,12,0,0,-1
17,1,1,1,0,0,0
17,2,2,1,0,0,-1
17,3,3,1,0,0.058823529,-1
17,4,4,1,0,0.117647059,-1
17,5,5,1,0,0.294117647,-1
17,9,1,2,0,0.058823529,0
17,10,2,2,0,0,-1
17,11,3,2,0,0.058823529,-1
17,12,4,2,0,0,-1
17,13,5,2,0,0,-1
17,17,1,3,0,0,0
17,18,2,3,0,0.058823529,-1
17,19,3,3,0,0.058823529,-1
17,20,4,3,0,0.294117647,-1
17,21,5,3,0,0,-1
17,25,1,4,0,0.117647059,0
17,26,2,4,0,0.117647059,-1
17,27,3,4,0,0.058823529,-1
17,28,4,4,0,0.235294118,-1
17,29,5,4,0,0,-1
17,33,1,5,0,0.352941176,0
17,34,2,5,0,0,-1
17,35,3,5,0,0.117647059,-1
17,36,4,5,1,0,-1
17,37,5,5,1,0.176470588,1
17,41,1,6,0,0.294117647,0
17,42,2,6,1,0.058823529,-1
17,43,3,6,1,0.235294118,1
17,44,4,6,1,0.411764706,1
17,45,5,6,1,0.235294118,1
17,49,1,7,0,0.294117647,0
17,50,2,7,0,0,-1
17,51,3,7,0,0.117647059,-1
17,52,4,7,0,0.588235294,-1
17,53,5,7,0,0.176470588,-1
17,57,1,8,0,0.117647059,0
17,58,2,8,1,0.058823529,-1
17,59,3,8,1,0,1
17,60,4,8,1,0.117647059,1
17,61,5,8,1,0.411764706,1
17,65,1,9,0,0,0
17,66,2,9,0,0.529411765,-1
17,67,3,9,1,0.176470588,-1
17,68,4,9,0,0,1
17,69,5,9,1,0.058823529,-1
17,73,1,10,0,0,0
17,74,2,10,0,0.176470588,-1
17,75,3,10,0,0,-1
17,76,4,10,0,0,-1
17,77,5,10,0,0.176470588,-1
17,81,1,11,0,0,0
17,82,2,11,0,0.352941176,-1
17,83,3,11,0,0,-1
17,84,4,11,0,0.588235294,-1
17,85,5,11,0,0.411764706,-1
17,89,1,12,0,0.117647059,0
17,90,2,12,0,0,-1
17,91,3,12,0,0.294117647,-1
17,92,4,12,0,0.058823529,-1
17,93,5,12,0,0,-1
18,1,1,1,0,0,0
18,2,2,1,0,0,-1
18,3,3,1,0,0.058823529,-1
18,4,4,1,0,0.117647059,-1
18,5,5,1,0,0.294117647,-1
18,9,1,2,0,0.058823529,0
18,10,2,2,1,0,-1
18,11,3,2,1,0.058823529,1
18,12,4,2,1,0,1
18,13,5,2,1,0,1
18,17,1,3,0,0,0
18,18,2,3,0,0.058823529,-1
18,19,3,3,0,0.058823529,-1
18,20,4,3,1,0.294117647,-1
18,21,5,3,1,0,1
18,25,1,4,1,0.117647059,0
18,26,2,4,1,0.117647059,1
18,27,3,4,1,0.058823529,1
18,28,4,4,1,0.235294118,1
18,29,5,4,1,0,1
18,33,1,5,0,0.352941176,0
18,34,2,5,1,0,-1
18,35,3,5,0,0.117647059,1
18,36,4,5,0,0,-1
18,37,5,5,1,0.176470588,-1
18,41,1,6,0,0.294117647,0
18,42,2,6,0,0.058823529,-1
18,43,3,6,0,0.235294118,-1
18,44,4,6,0,0.411764706,-1
18,45,5,6,0,0.235294118,-1
18,49,1,7,0,0.294117647,0
18,50,2,7,0,0,-1
18,51,3,7,0,0.117647059,-1
18,52,4,7,0,0.588235294,-1
18,53,5,7,0,0.176470588,-1
18,57,1,8,0,0.117647059,0
18,58,2,8,1,0.058823529,-1
18,59,3,8,1,0,1
18,60,4,8,1,0.117647059,1
18,61,5,8,1,0.411764706,1
18,65,1,9,0,0,0
18,66,2,9,1,0.529411765,-1
18,67,3,9,1,0.176470588,1
18,68,4,9,1,0,1
18,69,5,9,1,0.058823529,1
18,73,1,10,0,0,0
18,74,2,10,0,0.176470588,-1
18,75,3,10,0,0,-1
18,76,4,10,0,0,-1
18,77,5,10,0,0.176470588,-1
18,81,1,11,0,0,0
18,82,2,11,0,0.352941176,-1
18,83,3,11,0,0,-1
18,84,4,11,0,0.588235294,-1
18,85,5,11,1,0.411764706,-1
18,89,1,12,0,0.117647059,0
18,90,2,12,0,0,-1
18,91,3,12,0,0.294117647,-1
18,92,4,12,0,0.058823529,-1
18,93,5,12,0,0,-1
19,1,1,1,0,0,0
19,2,2,1,0,0,-1
19,3,3,1,0,0.058823529,-1
19,4,4,1,0,0.117647059,-1
19,5,5,1,0,0.294117647,-1
19,9,1,2,0,0.058823529,0
19,10,2,2,1,0,-1
19,11,3,2,1,0.058823529,1
19,12,4,2,1,0,1
19,13,5,2,1,0,1
19,17,1,3,0,0,0
19,18,2,3,0,0.058823529,-1
19,19,3,3,0,0.058823529,-1
19,20,4,3,1,0.294117647,-1
19,21,5,3,1,0,1
19,25,1,4,0,0.117647059,0
19,26,2,4,0,0.117647059,-1
19,27,3,4,0,0.058823529,-1
19,28,4,4,0,0.235294118,-1
19,29,5,4,0,0,-1
19,33,1,5,0,0.352941176,0
19,34,2,5,0,0,-1
19,35,3,5,0,0.117647059,-1
19,36,4,5,0,0,-1
19,37,5,5,0,0.176470588,-1
19,41,1,6,1,0.294117647,0
19,42,2,6,1,0.058823529,1
19,43,3,6,1,0.235294118,1
19,44,4,6,1,0.411764706,1
19,45,5,6,1,0.235294118,1
19,49,1,7,0,0.294117647,0
19,50,2,7,0,0,-1
19,51,3,7,0,0.117647059,-1
19,52,4,7,0,0.588235294,-1
19,53,5,7,0,0.176470588,-1
19,57,1,8,1,0.117647059,0
19,58,2,8,1,0.058823529,1
19,59,3,8,1,0,1
19,60,4,8,1,0.117647059,1
19,61,5,8,1,0.411764706,1
19,65,1,9,0,0,0
19,66,2,9,0,0.529411765,-1
19,67,3,9,0,0.176470588,-1
19,68,4,9,0,0,-1
19,69,5,9,1,0.058823529,-1
19,73,1,10,0,0,0
19,74,2,10,0,0.176470588,-1
19,75,3,10,0,0,-1
19,76,4,10,1,0,-1
19,77,5,10,1,0.176470588,1
19,81,1,11,0,0,0
19,82,2,11,1,0.352941176,-1
19,83,3,11,1,0,1
19,84,4,11,1,0.588235294,1
19,85,5,11,1,0.411764706,1
19,89,1,12,0,0.117647059,0
19,90,2,12,0,0,-1
19,91,3,12,0,0.294117647,-1
19,92,4,12,0,0.058823529,-1
19,93,5,12,0,0,-1
20,1,1,1,0,0,0
20,2,2,1,0,0,-1
20,3,3,1,1,0.058823529,-1
20,4,4,1,0,0.117647059,1
20,5,5,1,0,0.294117647,-1
20,9,1,2,0,0.058823529,0
20,10,2,2,0,0,-1
20,11,3,2,0,0.058823529,-1
20,12,4,2,1,0,-1
20,13,5,2,0,0,1
20,17,1,3,0,0,0
20,18,2,3,0,0.058823529,-1
20,19,3,3,0,0.058823529,-1
20,20,4,3,1,0.294117647,-1
20,21,5,3,1,0,1
20,25,1,4,1,0.117647059,0
20,26,2,4,0,0.117647059,1
20,27,3,4,1,0.058823529,-1
20,28,4,4,1,0.235294118,1
20,29,5,4,0,0,1
20,33,1,5,1,0.352941176,0
20,34,2,5,0,0,1
20,35,3,5,1,0.117647059,-1
20,36,4,5,1,0,1
20,37,5,5,1,0.176470588,1
20,41,1,6,0,0.294117647,0
20,42,2,6,1,0.058823529,-1
20,43,3,6,1,0.235294118,1
20,44,4,6,1,0.411764706,1
20,45,5,6,1,0.235294118,1
20,49,1,7,1,0.294117647,0
20,50,2,7,1,0,1
20,51,3,7,1,0.117647059,1
20,52,4,7,1,0.588235294,1
20,53,5,7,1,0.176470588,1
20,57,1,8,1,0.117647059,0
20,58,2,8,1,0.058823529,1
20,59,3,8,1,0,1
20,60,4,8,1,0.117647059,1
20,61,5,8,1,0.411764706,1
20,65,1,9,1,0,0
20,66,2,9,1,0.529411765,1
20,67,3,9,1,0.176470588,1
20,68,4,9,1,0,1
20,69,5,9,1,0.058823529,1
20,73,1,10,0,0,0
20,74,2,10,1,0.176470588,-1
20,75,3,10,0,0,1
20,76,4,10,1,0,-1
20,77,5,10,1,0.176470588,1
20,81,1,11,1,0,0
20,82,2,11,1,0.352941176,1
20,83,3,11,1,0,1
20,84,4,11,1,0.588235294,1
20,85,5,11,1,0.411764706,1
20,89,1,12,1,0.117647059,0
20,90,2,12,1,0,1
20,91,3,12,1,0.294117647,1
20,92,4,12,1,0.058823529,1
20,93,5,12,1,0,1
21,1,1,1,0,0,0
21,2,2,1,0,0,-1
21,3,3,1,0,0.058823529,-1
21,4,4,1,0,0.117647059,-1
21,5,5,1,0,0.294117647,-1
21,9,1,2,0,0.058823529,0
21,10,2,2,0,0,-1
21,11,3,2,0,0.058823529,-1
21,12,4,2,1,0,-1
21,13,5,2,1,0,1
21,17,1,3,0,0,0
21,18,2,3,0,0.058823529,-1
21,19,3,3,0,0.058823529,-1
21,20,4,3,1,0.294117647,-1
21,21,5,3,1,0,1
21,25,1,4,1,0.117647059,0
21,26,2,4,1,0.117647059,1
21,27,3,4,1,0.058823529,1
21,28,4,4,1,0.235294118,1
21,29,5,4,1,0,1
21,33,1,5,1,0.352941176,0
21,34,2,5,1,0,1
21,35,3,5,1,0.117647059,1
21,36,4,5,1,0,1
21,37,5,5,1,0.176470588,1
21,41,1,6,0,0.294117647,0
21,42,2,6,1,0.058823529,-1
21,43,3,6,1,0.235294118,1
21,44,4,6,1,0.411764706,1
21,45,5,6,1,0.235294118,1
21,49,1,7,0,0.294117647,0
21,50,2,7,0,0,-1
21,51,3,7,0,0.117647059,-1
21,52,4,7,0,0.588235294,-1
21,53,5,7,0,0.176470588,-1
21,57,1,8,0,0.117647059,0
21,58,2,8,1,0.058823529,-1
21,59,3,8,1,0,1
21,60,4,8,1,0.117647059,1
21,61,5,8,1,0.411764706,1
21,65,1,9,0,0,0
21,66,2,9,0,0.529411765,-1
21,67,3,9,0,0.176470588,-1
21,68,4,9,0,0,-1
21,69,5,9,1,0.058823529,-1
21,73,1,10,0,0,0
21,74,2,10,1,0.176470588,-1
21,75,3,10,0,0,1
21,76,4,10,0,0,-1
21,77,5,10,1,0.176470588,-1
21,81,1,11,0,0,0
21,82,2,11,0,0.352941176,-1
21,83,3,11,1,0,-1
21,84,4,11,1,0.588235294,1
21,85,5,11,1,0.411764706,1
21,89,1,12,0,0.117647059,0
21,90,2,12,0,0,-1
21,91,3,12,0,0.294117647,-1
21,92,4,12,0,0.058823529,-1
21,93,5,12,0,0,-1
22,1,1,1,0,0,0
22,2,2,1,0,0,-1
22,3,3,1,0,0.058823529,-1
22,4,4,1,1,0.117647059,-1
22,5,5,1,1,0.294117647,1
22,9,1,2,0,0.058823529,0
22,10,2,2,1,0,-1
22,11,3,2,1,0.058823529,1
22,12,4,2,0,0,1
22,13,5,2,0,0,-1
22,17,1,3,0,0,0
22,18,2,3,0,0.058823529,-1
22,19,3,3,0,0.058823529,-1
22,20,4,3,0,0.294117647,-1
22,21,5,3,0,0,-1
22,25,1,4,0,0.117647059,0
22,26,2,4,0,0.117647059,-1
22,27,3,4,0,0.058823529,-1
22,28,4,4,1,0.235294118,-1
22,29,5,4,1,0,1
22,33,1,5,1,0.352941176,0
22,34,2,5,0,0,1
22,35,3,5,0,0.117647059,-1
22,36,4,5,1,0,-1
22,37,5,5,1,0.176470588,1
22,41,1,6,1,0.294117647,0
22,42,2,6,1,0.058823529,1
22,43,3,6,1,0.235294118,1
22,44,4,6,1,0.411764706,1
22,45,5,6,1,0.235294118,1
22,49,1,7,1,0.294117647,0
22,50,2,7,1,0,1
22,51,3,7,1,0.117647059,1
22,52,4,7,1,0.588235294,1
22,53,5,7,1,0.176470588,1
22,57,1,8,1,0.117647059,0
22,58,2,8,1,0.058823529,1
22,59,3,8,1,0,1
22,60,4,8,1,0.117647059,1
22,61,5,8,1,0.411764706,1
22,65,1,9,1,0,0
22,66,2,9,1,0.529411765,1
22,67,3,9,1,0.176470588,1
22,68,4,9,1,0,1
22,69,5,9,1,0.058823529,1
22,73,1,10,0,0,0
22,74,2,10,0,0.176470588,-1
22,75,3,10,0,0,-1
22,76,4,10,0,0,-1
22,77,5,10,0,0.176470588,-1
22,81,1,11,0,0,0
22,82,2,11,1,0.352941176,-1
22,83,3,11,1,0,1
22,84,4,11,1,0.588235294,1
22,85,5,11,1,0.411764706,1
22,89,1,12,0,0.117647059,0
22,90,2,12,0,0,-1
22,91,3,12,0,0.294117647,-1
22,92,4,12,0,0.058823529,-1
22,93,5,12,0,0,-1
23,1,1,1,1,0,0
23,2,2,1,0,0,1
23,3,3,1,0,0.058823529,-1
23,4,4,1,1,0.117647059,-1
23,5,5,1,0,0.294117647,1
23,9,1,2,0,0.058823529,0
23,10,2,2,0,0,-1
23,11,3,2,1,0.058823529,-1
23,12,4,2,0,0,1
23,13,5,2,0,0,-1
23,17,1,3,0,0,0
23,18,2,3,0,0.058823529,-1
23,19,3,3,0,0.058823529,-1
23,20,4,3,0,0.294117647,-1
23,21,5,3,0,0,-1
23,25,1,4,0,0.117647059,0
23,26,2,4,0,0.117647059,-1
23,27,3,4,0,0.058823529,-1
23,28,4,4,0,0.235294118,-1
23,29,5,4,0,0,-1
23,33,1,5,1,0.352941176,0
23,34,2,5,0,0,1
23,35,3,5,0,0.117647059,-1
23,36,4,5,0,0,-1
23,37,5,5,0,0.176470588,-1
23,41,1,6,0,0.294117647,0
23,42,2,6,0,0.058823529,-1
23,43,3,6,0,0.235294118,-1
23,44,4,6,0,0.411764706,-1
23,45,5,6,0,0.235294118,-1
23,49,1,7,0,0.294117647,0
23,50,2,7,0,0,-1
23,51,3,7,0,0.117647059,-1
23,52,4,7,1,0.588235294,-1
23,53,5,7,0,0.176470588,1
23,57,1,8,0,0.117647059,0
23,58,2,8,0,0.058823529,-1
23,59,3,8,1,0,-1
23,60,4,8,0,0.117647059,1
23,61,5,8,1,0.411764706,-1
23,65,1,9,0,0,0
23,66,2,9,0,0.529411765,-1
23,67,3,9,0,0.176470588,-1
23,68,4,9,0,0,-1
23,69,5,9,0,0.058823529,-1
23,73,1,10,0,0,0
23,74,2,10,0,0.176470588,-1
23,75,3,10,0,0,-1
23,76,4,10,0,0,-1
23,77,5,10,0,0.176470588,-1
23,81,1,11,1,0,0
23,82,2,11,0,0.352941176,1
23,83,3,11,0,0,-1
23,84,4,11,0,0.588235294,-1
23,85,5,11,0,0.411764706,-1
23,89,1,12,0,0.117647059,0
23,90,2,12,0,0,-1
23,91,3,12,0,0.294117647,-1
23,92,4,12,0,0.058823529,-1
23,93,5,12,0,0,-1
24,1,1,1,0,0,0
24,2,2,1,0,0,-1
24,3,3,1,0,0.058823529,-1
24,4,4,1,0,0.117647059,-1
24,5,5,1,0,0.294117647,-1
24,9,1,2,0,0.058823529,0
24,10,2,2,0,0,-1
24,11,3,2,0,0.058823529,-1
24,12,4,2,0,0,-1
24,13,5,2,0,0,-1
24,17,1,3,0,0,0
24,18,2,3,0,0.058823529,-1
24,19,3,3,0,0.058823529,-1
24,20,4,3,1,0.294117647,-1
24,21,5,3,0,0,1
24,25,1,4,0,0.117647059,0
24,26,2,4,1,0.117647059,-1
24,27,3,4,0,0.058823529,1
24,28,4,4,1,0.235294118,-1
24,29,5,4,1,0,1
24,33,1,5,0,0.352941176,0
24,34,2,5,0,0,-1
24,35,3,5,0,0.117647059,-1
24,36,4,5,0,0,-1
24,37,5,5,1,0.176470588,-1
24,41,1,6,0,0.294117647,0
24,42,2,6,1,0.058823529,-1
24,43,3,6,1,0.235294118,1
24,44,4,6,1,0.411764706,1
24,45,5,6,1,0.235294118,1
24,49,1,7,0,0.294117647,0
24,50,2,7,0,0,-1
24,51,3,7,0,0.117647059,-1
24,52,4,7,0,0.588235294,-1
24,53,5,7,0,0.176470588,-1
24,57,1,8,0,0.117647059,0
24,58,2,8,0,0.058823529,-1
24,59,3,8,0,0,-1
24,60,4,8,0,0.117647059,-1
24,61,5,8,1,0.411764706,-1
24,65,1,9,0,0,0
24,66,2,9,1,0.529411765,-1
24,67,3,9,0,0.176470588,1
24,68,4,9,0,0,-1
24,69,5,9,1,0.058823529,-1
24,73,1,10,0,0,0
24,74,2,10,0,0.176470588,-1
24,75,3,10,0,0,-1
24,76,4,10,0,0,-1
24,77,5,10,0,0.176470588,-1
24,81,1,11,0,0,0
24,82,2,11,0,0.352941176,-1
24,83,3,11,0,0,-1
24,84,4,11,0,0.588235294,-1
24,85,5,11,0,0.411764706,-1
24,89,1,12,0,0.117647059,0
24,90,2,12,0,0,-1
24,91,3,12,0,0.294117647,-1
24,92,4,12,0,0.058823529,-1
24,93,5,12,0,0,-1
25,1,1,1,0,0,0
25,2,2,1,0,0,-1
25,3,3,1,0,0.058823529,-1
25,4,4,1,0,0.117647059,-1
25,5,5,1,0,0.294117647,-1
25,9,1,2,0,0.058823529,0
25,10,2,2,0,0,-1
25,11,3,2,0,0.058823529,-1
25,12,4,2,0,0,-1
25,13,5,2,0,0,-1
25,17,1,3,0,0,0
25,18,2,3,0,0.058823529,-1
25,19,3,3,0,0.058823529,-1
25,20,4,3,1,0.294117647,-1
25,21,5,3,0,0,1
25,25,1,4,0,0.117647059,0
25,26,2,4,0,0.117647059,-1
25,27,3,4,0,0.058823529,-1
25,28,4,4,0,0.235294118,-1
25,29,5,4,0,0,-1
25,33,1,5,1,0.352941176,0
25,34,2,5,1,0,1
25,35,3,5,0,0.117647059,1
25,36,4,5,0,0,-1
25,37,5,5,1,0.176470588,-1
25,41,1,6,0,0.294117647,0
25,42,2,6,0,0.058823529,-1
25,43,3,6,0,0.235294118,-1
25,44,4,6,0,0.411764706,-1
25,45,5,6,0,0.235294118,-1
25,49,1,7,0,0.294117647,0
25,50,2,7,0,0,-1
25,51,3,7,0,0.117647059,-1
25,52,4,7,0,0.588235294,-1
25,53,5,7,0,0.176470588,-1
25,57,1,8,1,0.117647059,0
25,58,2,8,1,0.058823529,1
25,59,3,8,1,0,1
25,60,4,8,1,0.117647059,1
25,61,5,8,1,0.411764706,1
25,65,1,9,1,0,0
25,66,2,9,0,0.529411765,1
25,67,3,9,0,0.176470588,-1
25,68,4,9,0,0,-1
25,69,5,9,1,0.058823529,-1
25,73,1,10,0,0,0
25,74,2,10,0,0.176470588,-1
25,75,3,10,0,0,-1
25,76,4,10,0,0,-1
25,77,5,10,0,0.176470588,-1
25,81,1,11,1,0,0
25,82,2,11,0,0.352941176,1
25,83,3,11,1,0,-1
25,84,4,11,1,0.588235294,1
25,85,5,11,0,0.411764706,1
25,89,1,12,1,0.117647059,0
25,90,2,12,0,0,1
25,91,3,12,0,0.294117647,-1
25,92,4,12,0,0.058823529,-1
25,93,5,12,0,0,-1
26,1,1,1,0,0,0
26,2,2,1,0,0,-1
26,3,3,1,0,0.058823529,-1
26,4,4,1,1,0.117647059,-1
26,5,5,1,0,0.294117647,1
26,9,1,2,0,0.058823529,0
26,10,2,2,1,0,-1
26,11,3,2,1,0.058823529,1
26,12,4,2,1,0,1
26,13,5,2,1,0,1
26,17,1,3,0,0,0
26,18,2,3,0,0.058823529,-1
26,19,3,3,0,0.058823529,-1
26,20,4,3,0,0.294117647,-1
26,21,5,3,0,0,-1
26,25,1,4,1,0.117647059,0
26,26,2,4,1,0.117647059,1
26,27,3,4,1,0.058823529,1
26,28,4,4,1,0.235294118,1
26,29,5,4,1,0,1
26,33,1,5,1,0.352941176,0
26,34,2,5,0,0,1
26,35,3,5,1,0.117647059,-1
26,36,4,5,1,0,1
26,37,5,5,1,0.176470588,1
26,41,1,6,0,0.294117647,0
26,42,2,6,1,0.058823529,-1
26,43,3,6,1,0.235294118,1
26,44,4,6,1,0.411764706,1
26,45,5,6,1,0.235294118,1
26,49,1,7,0,0.294117647,0
26,50,2,7,0,0,-1
26,51,3,7,1,0.117647059,-1
26,52,4,7,1,0.588235294,1
26,53,5,7,1,0.176470588,1
26,57,1,8,0,0.117647059,0
26,58,2,8,1,0.058823529,-1
26,59,3,8,1,0,1
26,60,4,8,1,0.117647059,1
26,61,5,8,1,0.411764706,1
26,65,1,9,0,0,0
26,66,2,9,1,0.529411765,-1
26,67,3,9,1,0.176470588,1
26,68,4,9,1,0,1
26,69,5,9,1,0.058823529,1
26,73,1,10,0,0,0
26,74,2,10,1,0.176470588,-1
26,75,3,10,0,0,1
26,76,4,10,0,0,-1
26,77,5,10,0,0.176470588,-1
26,81,1,11,0,0,0
26,82,2,11,0,0.352941176,-1
26,83,3,11,0,0,-1
26,84,4,11,0,0.588235294,-1
26,85,5,11,1,0.411764706,-1
26,89,1,12,0,0.117647059,0
26,90,2,12,0,0,-1
26,91,3,12,0,0.294117647,-1
26,92,4,12,0,0.058823529,-1
26,93,5,12,0,0,-1
